Aalen	Aalen is a former Free Imperial City located in the eastern part of the German state of Baden-Württemberg, about 70 km east of Stuttgart and 48 km north of Ulm.
Aarau	Aarau is a town, a municipality, and the capital of the northern Swiss canton of Aargau.
Aare	The Aare or Aar is a tributary of the High Rhine and the longest river that both rises and ends entirely within Switzerland.
Abadeh	Abadeh is a city in and the capital of Abadeh County, in Fars Province, Iran.
Abakan	Abakan is the capital city of the Republic of Khakassia, Russia, located in the central part of Minusinsk Depression, at the confluence of the Yenisei and Abakan Rivers.
Abano_Terme	Abano Terme is a town and comune in the province of Padua, in the Veneto region, Italy, on the eastern slope of the Colli Euganei; it is 10 km southwest by rail from Padua.
Abbas_Mirza	Abbas Mirza, was a Qajar crown prince of Persia.
Abbotsford_House	Abbotsford is a historic country house in the Scottish Borders, near Melrose, on the south bank of the River Tweed.
Abdul_Rashid_Dostum	Abdul Rashid Dostum is an Afghan politician who has served as Vice President of Afghanistan since 2014.
Abdur_Rahman_Khan	Abdur Rahman Khan was Emir of Afghanistan from 1880 to 1901.
Abel_Tasman	Abel Janszoon Tasman was a Dutch seafarer, explorer, and merchant, best known for his voyages of 1642 and 1644 in the service of the Dutch East India Company. He was the first known European explorer to reach the islands of Van Diemen's Land and New Zealand, and to sight the Fiji islands.
Aberdour	Aberdour is a scenic and historic village on the south coast of Fife, Scotland.
Abergavenny	Abergavenny is a market town in Monmouthshire, Wales.
Abersychan	Abersychan is a settlement and community north of Pontypool in Torfaen, Wales, and lies within the boundaries of the historic county of Monmouthshire and the preserved county of Gwent.
AbiWord	AbiWord is a free and open-source software word processor written in C++.
Abner	In the Book of Samuel, Avner, was cousin to Saul and commander-in-chief of his army. He is often referred to as Avner Ben Ner, meaning, the son of Ner.
Abner_Doubleday	Abner Doubleday was a career United States Army officer and Union general in the American Civil War.
Abraham_Joshua_Heschel	Abraham Joshua Heschel was a Polish-born American rabbi and one of the leading Jewish theologians and Jewish philosophers of the 20th century.
Absalon	Absalon or Axel was a Danish archbishop and statesman, who was the Bishop of Roskilde from 1158 to 1192 and Archbishop of Lund from 1178 until his death.
Abu_Sayyaf	Abu Sayyaf is a Jihadist terror group based in and around Jolo and Basilan islands in the southwestern part of the Philippines, where for more than four decades, Moro groups have been engaged in an insurgency for an independent province in the country.
Abu_Zubaydah	Abu Zubaydah is a Saudi Arabian citizen currently held by the U.S. in the Guantanamo Bay detention camps, in Cuba.
Abydos_(Hellespont)	Abydos or Abydus, an ancient city at Troad, in Asia Minor was located on the western slope of the promontory south of Nağara Point, and is sited on the best harbor on the Asiatic shore of the Hellespont.
Acadia_University	Acadia University is a predominantly undergraduate university located in Wolfville, Nova Scotia, Canada with some graduate programs at the master's level and one at the doctoral level.
ACF_Fiorentina	ACF Fiorentina, commonly referred to as simply Fiorentina, is a professional Italian football club from Florence, Tuscany.
Achill_Island	Achill Island in County Mayo is the largest island off the coast of Ireland, and is situated off the west coast.
Action_Against_Hunger	Action Against Hunger is a global humanitarian organization committed to ending world hunger.
Actium	Actium was the name of an ancient town on a promontory of western Greece in northwestern Acarnania, at the mouth of the Ambracian Gulf). Actium is chiefly famous as the name given to the nearby naval Battle of Actium, in which Octavian won a decisive victory over Mark Antony on September 2, 31 BC. Actium is situated on the southern side of the strait opposite the later city of Nicopolis built by Octavian.
Active_Directory	Active Directory is a directory service that Microsoft developed for Windows domain networks.
Active_Server_Pages	Active Server Pages, later known as Classic ASP or ASP Classic, is Microsoft's first server-side script engine for dynamically generated web pages.
Ada_Lovelace	Augusta Ada King-Noel, Countess of Lovelace was an English mathematician and writer, chiefly known for her work on Charles Babbage's early mechanical general-purpose computer, the Analytical Engine.
Adam_Carolla	Adam Carolla is an American comedian, radio personality, television host, actor, podcaster and director.
Adam_Weishaupt	Johann Adam Weishaupt was a German philosopher and founder of the Order of the Illuminati, a secret society.
Admiralty	The Admiralty was the government department responsible for the command of the Royal Navy in the Kingdom of England, and later in Great Britain, and from 1709 and until 1964 in the United Kingdom and former British Empire.
Adobe_Systems	Adobe Systems Incorporated is an American multinational computer software company.
Adolphe_Sax	Antoine-Joseph "Adolphe" Sax was a Belgian inventor and musician who invented the saxophone in 1846.
Adrian_Lamo	Adrian Lamo is a first generation Colombian-American threat analyst and former hacker.
Advanced_Micro_Devices	Advanced Micro Devices, Inc. is an American multinational semiconductor company based in Sunnyvale, California, United States, that develops computer processors and related technologies for business and consumer markets.
Aeacus	Aeacus was a mythological king of the island of Aegina in the Saronic Gulf.
Aedesius	Aedesius was a Neoplatonist philosopher and mystic born of a noble Cappadocian family.
Aegisthus	Aegisthus is a figure in Greek mythology.
Aegospotami	Aegospotami or Aegospotamos is the ancient Greek name for a small river issuing into the Hellespont, northeast of Sestos.
Aelbert_Cuyp	Aelbert Jacobsz Cuyp was one of the leading Dutch landscape painters of the Dutch Golden Age in the 17th century.
Aeschylus	Aeschylus was an ancient Greek tragedian.
Afghanistan	Afghanistan, officially the Islamic Republic of Afghanistan, is a landlocked country located within South Asia and Central Asia.
Afonso_de_Albuquerque	Afonso de Albuquerque, Duke of Goa, was a Portuguese general, a "great conqueror", a statesman, and an empire builder.
Aga_Khan_III	Sir Sultan Muhammed Shah, Aga Khan III was the 48th Imam of the Nizari Ismaili community.
Ahmad_Shah_Durrani	Ahmad Shāh Durrānī, also known as Ahmad Khān Abdālī, was the founder of the Durrani Empire and is regarded as the founder of the modern state of Afghanistan.
Ahmad_Shah_Massoud	Ahmad Shah Massoud was an Afghan political and military leader.
Ahmed_I	Ahmed I was the Sultan of the Ottoman Empire from 1603 until his death in 1617.
Ajaccio	Ajaccio is a French commune, prefecture of the department of Corse-du-Sud, and head office of the Collectivité territoriale de Corse. It is also the largest settlement on the island.
Ajaigarh	Ajaigarh or Adjygurh is a town and a nagar panchayat in the Panna District of Madhya Pradesh state in central India.
Ajanta_Caves	The Ajanta Caves in Aurangabad district of Maharashtra state of India are about 30 rock-cut Buddhist cave monuments which date from the 2nd century BCE to about 480 or 650 CE. The caves include paintings and rock cut sculptures described as among the finest surviving examples of ancient Indian art, particularly expressive painting that present emotion through gesture, pose and form.
Akihabara	Akihabara is a district in the Chiyoda ward of Tokyo, Japan.
Akio_Morita	Akio Morita was a Japanese businessman and co-founder of Sony along with Masaru Ibuka.
Akira_Kurosawa	Akira Kurosawa was a Japanese filmmaker.
Akkadian_Empire	The Akkadian Empire was the first ancient Semitic-speaking empire of Mesopotamia, centered in the city of Akkad and its surrounding region, also called Akkad in ancient Mesopotamia and Accad in the Bible. The empire united all the Akkadian and Sumerian speakers under one rule.
Al_Capp	Alfred Gerald Caplin, better known as Al Capp, was an American cartoonist and humorist best known for the satirical comic strip Li'l Abner, which he created in 1934 and continued writing and drawing until 1977.
Alabama_River	The Alabama River, in the U.S. state of Alabama, is formed by the Tallapoosa and Coosa rivers, which unite about 6 mi north of Montgomery.
Alain_Connes	Alain Connes is a French mathematician, currently Professor at the Collège de France, IHÉS, The Ohio State University and Vanderbilt University.
Alain_de_Lille	Alain de Lille was a French theologian and poet.
Alan_Ayckbourn	Sir Alan Ayckbourn, CBE is a prolific English playwright and director.
Alan_Jay_Lerner	Alan Jay Lerner was an American lyricist and librettist.
Alan_Turing	Alan Mathison Turing was an English computer scientist, mathematician, logician, cryptanalyst and theoretical biologist.
Alban_Berg	Alban Maria Johannes Berg was an Austrian composer of the Second Viennese School.
Albert_Brooks	Albert Lawrence Brooks is an American actor, filmmaker and comedian.
Albert_Camus	Albert Camus was an Algerian and French philosopher, author, and journalist based in France.
Albert_Pike	Albert Pike was an attorney, soldier, writer, and Freemason.
Albert_Sidney_Johnston	Albert Sidney Johnston served as a general in three different armies: the Texian Army, the United States Army, and the Confederate States Army.
Alberto_Giacometti	Alberto Giacometti was a Swiss sculptor, painter, draughtsman and printmaker.
Albertus_Magnus	Albertus Magnus, O.P., also known as Saint Albert the Great and Albert of Cologne, was a German Dominican friar and Catholic bishop.
Albinism	Albinism in humans is a congenital disorder characterized by the complete or partial absence of pigment in the skin, hair and eyes.
Alboin	Alboin was king of the Lombards from about 560 until 572.
Albrecht_Altdorfer	Albrecht Altdorfer was a German painter, engraver and architect of the Renaissance working in Regensburg.
Alcohol_intoxication	Alcohol intoxication is a physiological state induced by the ingestion of ethanol. Alcohol intoxication is the result of alcohol entering the bloodstream faster than it can be metabolized by the liver, which breaks down the ethanol into non-intoxicating byproducts.
Alcoholics_Anonymous	Alcoholics Anonymous is an international mutual aid fellowship founded in 1935 by Bill Wilson and Dr. Bob Smith in Akron, Ohio.
Alcoholism	Alcoholism, also known as alcohol use disorder, is a broad term for any drinking of alcohol that results in problems.
Alcuin	Alcuin of York — also called Ealhwine, Albinus or Flaccus — was an English scholar, ecclesiastic, poet and teacher from York, Northumbria.
Aldine_Press	Aldine Press was the printing office started by Aldus Manutius in 1494 in Venice, from which were issued the celebrated Aldine editions of the classics. The first book that was dated and printed under his name appeared in 1495.
Aldous_Huxley	Aldous Leonard Huxley was an English writer, novelist, philosopher, and prominent member of the Huxley family.
Aleister_Crowley	Aleister Crowley was an English occultist, ceremonial magician, poet, painter, novelist, and mountaineer.
Aleksandr_Solzhenitsyn	Aleksandr Isayevich Solzhenitsyn was a Russian novelist, historian, and short story writer.
Alessandro_Algardi	Alessandro Algardi was an Italian high-Baroque sculptor active almost exclusively in Rome, where for the latter decades of his life, he was, along with Francesco Borromini and Pietro da Cortona, one of the major rivals of Gian Lorenzo Bernini.
Alessandro_Allori	Alessandro di Cristofano di Lorenzo del Bronzino Allori was an Italian portrait painter of the late Mannerist Florentine school.
Alessandro_Scarlatti	Alessandro Scarlatti was an Italian Baroque composer, especially famous for his operas and chamber cantatas.
Alessandro_Volta	Alessandro Giuseppe Antonio Anastasio Volta was an Italian physicist, chemist, and a pioneer of electricity and power, who is credited as the inventor of the electrical battery and the discoverer of methane.
Alex_Lifeson	Alexandar Zivojinovich,, better known by his stage name Alex Lifeson, is a Canadian musician, best known as the guitarist of the Canadian rock band Rush.
Alexander_Aetolus	Alexander Aetolus was a Greek poet and grammarian, the only known representative of Aetolian poetry.
Alexander_Graham_Bell	Alexander Graham Bell was a Scottish-born scientist, inventor, engineer and innovator who is credited with patenting the first practical telephone.
Alexander_Grothendieck	Alexander Grothendieck was a German-born French mathematician who became the leading figure in the creation of modern algebraic geometry.
Alexander_Jannaeus	:To see other rulers related or affiliated with Alexander Jannaeus, see List of Hasmonean and Herodian rulers Alexander Jannaeus was the second Hasmonean king of Judaea from 103 to 76 BC. A son of John Hyrcanus, he inherited the throne from his brother Aristobulus I, and married his brother's widow, Queen Salome Alexandra.
Alexander_Kerensky	Alexander Fyodorovich Kerensky was a Russian lawyer and politician who served as the Minister of Justice in the newly formed Russian Provisional Government, as Minister of War, and second Minister-Chairman of the between July and November 1917.
Alexander_Selkirk	Alexander Selkirk was a Scottish privateer and Royal Navy officer who spent more than four years as a castaway after being marooned by his captain on an uninhabited island in the South Pacific Ocean.
Alexanderplatz	Alexanderplatz is a large public square and transport hub in the central Mitte district of Berlin, near the Fernsehturm.
Alexandria_Troas	Alexandria Troas is the site of an ancient Greek city situated on the Aegean Sea near the northern tip of Turkey's western coast, a little south of Tenedos. It is located southeast of modern Dalyan, a village in the Ezine district of Çanakkale Province.
Alexis_Carrel	Alexis Carrel was a French surgeon and biologist who was awarded the Nobel Prize in Physiology or Medicine in 1912 for pioneering vascular suturing techniques.
Alexis_Korner	Alexis Korner was a British blues musician and radio broadcaster, who has sometimes been referred to as "a founding father of British blues".
Alfred_Hitchcock	Sir Alfred Joseph Hitchcock was an English film director and producer, at times referred to as "The Master of Suspense".
Alfred_Jarry	Alfred Jarry was a French symbolist writer who is best known for his play Ubu Roi. He also coined the term and philosophical concept of 'pataphysics.
Alfred_Korzybski	Alfred Habdank Skarbek Korzybski was a Polish-American independent scholar who developed a field called general semantics, which he viewed as both distinct from, and more encompassing than, the field of semantics.
Alfred_Nobel	Alfred Bernhard Nobel was a Swedish chemist, engineer, inventor, businessman, and philanthropist.
Alfred_Russel_Wallace	Alfred Russel Wallace was a British naturalist, explorer, geographer, anthropologist, and biologist.
Algeria	Algeria, officially the People's Democratic Republic of Algeria, is a sovereign state in North Africa on the Mediterranean coast.
ALGOL	ALGOL is a family of imperative computer programming languages, originally developed in the mid-1950s, which greatly influenced many other languages and was the standard method for algorithm description used by the ACM in textbooks and academic sources for more than thirty years.
Allah	Allah is the Arabic word referring to God in Abrahamic religions.
Allan_Dwan	Allan Dwan was a pioneering Canadian-born American motion picture director, producer and screenwriter.
Allen_Ginsberg	Irwin Allen Ginsberg was an American poet and one of the leading figures of both the Beat Generation of the 1950s and the counterculture that soon would follow.
Alois_Alzheimer	Dr. Aloysius "Alois" Alzheimer was a Bavarian-born German psychiatrist and neuropathologist and a colleague of Emil Kraepelin.
Alp_Arslan	Alp Arslan, real name Muhammad bin Dawud Chaghri, was the second Sultan of the Seljuk Empire and great-grandson of Seljuk, the eponymous founder of the dynasty.
Alternate_history	Alternate history or alternative history, sometimes abbreviated as AH, is a genre of fiction consisting of stories in which one or more historical events occur differently.
Alvar_Aalto	Hugo Alvar Henrik Aalto was a Finnish architect and designer, as well as a sculptor and painter.
Alvin_Toffler	Alvin Toffler was an American writer and futurist, known for his works discussing modern technologies, including the digital revolution and the communication revolution, with emphasis on their effects on cultures worldwide.
Amasis_II	Amasis II or Ahmose II was a pharaoh of the Twenty-sixth dynasty of Egypt, the successor of Apries at Sais.
Amathus	:Not to be confused with Amathus, Transjordan Amathus was one of the most ancient royal cities of Cyprus, on the southern coast in front of Agios Tychonas, about 24 miles west of Larnaca and 6 miles east of Limassol.
Amazon_River	The Amazon River in South America is the largest river by discharge of water in the world, and according to some experts, the longest in length.
Amber_Road	The Amber Road was an ancient trade route for the transfer of amber from coastal areas of the North Sea and the Baltic Sea to the Mediterranean Sea.
Ambroise	Ambroise, sometimes Ambroise of Normandy, was a Norman poet and chronicler of the Third Crusade, author of a work called L'Estoire de la guerre sainte, which describes in rhyming Old French verse the adventures of Richard Coeur de Lion as a crusader.
Ambrosiaster	Ambrosiaster is the name given to the writer of a commentary on St Paul's epistles, "brief in words but weighty in matter," and valuable for the criticism of the Latin text of the New Testament.
Ambrosius_Aurelianus	Ambrosius Aurelianus,; called Aurelius Ambrosius in the Historia Regum Britanniae and elsewhere, was a war leader of the Romano-British who won an important battle against the Anglo-Saxons in the 5th century, according to Gildas.
Ambrosius_Bosschaert	Ambrosius Bosschaert the Elder was a still life painter of the Dutch Golden Age.
American_Airlines	American Airlines, Inc., commonly referred to as American, is a major American airline headquartered in Fort Worth, Texas.
American_Civil_Liberties_Union	The American Civil Liberties Union is a nonpartisan, non-profit organization whose stated mission is "to defend and preserve the individual rights and liberties guaranteed to every person in this country by the Constitution and laws of the United States."
American_Film_Institute	The American Film Institute is a film organization that educates filmmakers and honors the heritage of the moving picture arts in the U.S. AFI is supported by private funding and public membership.
American_Football_Conference	The American Football Conference is one of the two conferences of the National Football League. This conference and its counterpart, the National Football Conference, currently contain 16 teams each, making up the 32 teams of the NFL. Both conferences were created as part of the 1970 merger with the rival American Football League, with all ten of the former AFL teams and three NFL teams forming the AFC, and the remaining thirteen NFL clubs forming the NFC. A series of league expansions and division realignments have occurred since the merger, thus making the current total 16 clubs per each conference.
American_National_Standards_Institute	The American National Standards Institute is a private non-profit organization that oversees the development of voluntary consensus standards for products, services, processes, systems, and personnel in the United States.
Amerigo_Vespucci	Amerigo Vespucci was an Italian explorer, financier, navigator and cartographer who first demonstrated that Brazil and the West Indies did not represent Asia's eastern outskirts as initially conjectured from Columbus' voyages, but instead constituted an entirely separate landmass hitherto unknown to Old Worlders.
Amitabh_Bachchan	Amitabh Harivansh Rai Shrivastava Bachchan is an Indian film actor.
Ammianus_Marcellinus	Ammianus Marcellinus was a Roman soldier and historian who wrote the penultimate major historical account surviving from Antiquity. His work, known as the Res Gestae, chronicled in Latin the history of Rome from the accession of the emperor Nerva in 96 to the death of Valens at the Battle of Adrianople in 378, although only the sections covering the period 353–378 survive.
Ammonius_Saccas	Ammonius Saccas was a Greek philosopher from Alexandria who was often referred to as one of the founders of Neoplatonism.
Amnon	According to the Bible, Amnon was the oldest son of David, King of Israel, with his wife, Ahinoam, who is described as "the Jezreelitess".
Amos_Bronson_Alcott	Amos Bronson Alcott was an American teacher, writer, philosopher, and reformer.
Amphipolis	Amphipolis is best known for the magnificent ancient Greek city, and later Roman city, whose impressive remains can still be seen.
Amr_Diab	Amr Abd El-Basset Abd El-Azeez Diab is an Egyptian multi-award winning pop singer-songwriter, regarded as the best selling Middle Eastern artist of all time.
Amram	In the Book of Exodus, Amram is the husband of Jochebed and father of Aaron, Moses and Miriam.
Amstrad_CPC	The Amstrad CPC is a series of 8-bit home computers produced by Amstrad between 1984 and 1990.
Amu_Darya	The Amu Darya, also called the Amu River and historically known by its Latin name, , is a major river in Central Asia.
Amway	Amway is an American company that uses a multi-level marketing model to sell a variety of products, primarily in the health, beauty, and home care markets.
Anacharsis	Anacharsis was a Scythian philosopher who travelled from his homeland on the northern shores of the Black Sea to Athens in the early 6th century BC and made a great impression as a forthright, outspoken "barbarian".
Anatolia	Anatolia, in geography known as Asia Minor, Asian Turkey, Anatolian peninsula, or Anatolian plateau, is the westernmost protrusion of Asia, which makes up the majority of modern-day Turkey.
Anatoly_Karpov	Anatoly Yevgenyevich Karpov is a Russian chess grandmaster and former World Champion.
Anaxarchus	Anaxarchus was a Greek philosopher of the school of Democritus.
Andaman_Islands	The Andaman Islands form an archipelago in the Bay of Bengal between India, to the west, and Myanmar, to the north and east.
Anders_Celsius	Anders Celsius was a Swedish astronomer, physicist and mathematician.
Andre_Agassi	Andre Kirk Agassi is an American retired professional tennis player and former World No. 1, who was one of the game's most dominant players from the early 1990s to the mid-2000s.
Andrea_Alciato	Andrea Alciato, commonly known as Alciati, was an Italian jurist and writer.
Andrei_Sakharov	Andrei Dmitrievich Sakharov was a Russian nuclear physicist, Soviet dissident, an activist for disarmament, peace and human rights.
Andrei_Tarkovsky	Andrei Arsenyevich Tarkovsky was a Soviet filmmaker, writer, film editor, film theorist, theatre and opera director.
Andrew_Carnegie	Andrew Carnegie was a Scottish American industrialist who led the expansion of the American steel industry in the late 19th century.
Andrew_Tridgell	Andrew "Tridge" Tridgell is an Australian computer programmer.
Andrzej_Sapkowski	Andrzej Sapkowski is a Polish fantasy writer and former economist.
Anglican_Communion	The Anglican Communion is an international association of independent churches consisting of the Church of England and national and regional Anglican churches in full communion with it.
Anime	Anime is Japanese hand-drawn or computer animation.
Anita_Hill	Anita Faye Hill is an American attorney and academic.
Ann_Druyan	Ann Druyan is an Emmy Award-winning American writer and Peabody Award-winning producer specializing in the communication of science.
Ansgar	Saint Ansgar, also known as Anskar or Saint Anschar, was a Archbishop of Hamburg-Bremen - a northern part of the Holy Roman Empire.
ANSI_C	ANSI C, ISO C and Standard C refer to the successive standards for the C programming language published by the American National Standards Institute and the International Organization for Standardization. Historically, the names referred specifically to the original and best-supported version of the standard. Software developers writing in C are encouraged to conform to the standards, as doing so aids portability between compilers.
Antarctic_Circumpolar_Current	The Antarctic Circumpolar Current is an ocean current that flows clockwise from west to east around Antarctica.
Anthony_Hopkins	Sir Philip Anthony Hopkins, CBE, is a Welsh actor of film, stage, and television.
Antoine_Lavoisier	Antoine-Laurent de Lavoisier was a French nobleman and chemist central to the 18th-century chemical revolution and had a large influence on both the history of chemistry and the history of biology.
Anton_Chekhov	Anton Pavlovich Chekhov was a Russian playwright and short story writer, who is considered to be among the greatest writers of short fiction in history.
Antoninus_Pius	Antoninus Pius, also known as Antoninus, was Roman Emperor from 138 to 161.
Antonio_Canova	Antonio Canova was an Italian neoclassical sculptor, famous for his marble sculptures.
Antonio_Vivaldi	Antonio Lucio Vivaldi was an Italian Baroque composer, virtuoso violinist, teacher and cleric.
Anus	The anus is an opening at the opposite end of an animal's digestive tract from the mouth.
AOL	AOL Inc. is an American multinational mass media corporation based in New York, a subsidiary of Verizon Communications.
AOL_Instant_Messenger	AIM is an instant messaging and presence computer program which uses the proprietary OSCAR instant messaging protocol and the TOC protocol to allow registered users to communicate in real time.
Apache_HTTP_Server	The Apache HTTP Server, colloquially called Apache, is the world's most used web server software.
Apache_Software_Foundation	The Apache Software Foundation is an American non-profit corporation to support Apache software projects, including the Apache HTTP Server.
Apollos	Apollos was a 1st century Alexandrian Jewish Christian mentioned several times in the New Testament.
Applesoft_BASIC	Applesoft BASIC is a dialect of Microsoft BASIC, developed by Marc McDonald and Ric Weiland, supplied with the Apple II series of computers.
Applet	In computing, an applet is any small application that performs one specific task that runs within the scope of a dedicated widget engine or a larger program, often as a plug-in.
Apuleius	Apuleius was a Latin-language prose writer.
Arabian_Prince	Kim Renard Nazel, better known by the stage name Arabian Prince, is an American singer-songwriter, rapper and producer.
Arabian_Sea	The Arabian Sea is a region of the northern Indian Ocean bounded on the north by Pakistan and Iran, on the west by northeastern Somalia and the Arabian Peninsula, and on the east by India.
Arbroath_Abbey	Arbroath Abbey, in the Scottish town of Arbroath, was founded in 1178 by King William the Lion for a group of Tironensian Benedictine monks from Kelso Abbey.
Arc_de_Triomphe	The Arc de Triomphe de l'Étoile is one of the most famous monuments in Paris, standing at the western end of the Champs-Élysées at the center of Place Charles de Gaulle, formerly named Place de l'Étoile — the étoile or "star" of the juncture formed by its twelve radiating avenues.
Ardal_O'Hanlon	Ardal O'Hanlon is an Irish comedian and actor.
ArgoUML	ArgoUML is an UML diagramming application written in Java and released under the open source Eclipse Public License.
Arianespace	Arianespace SA is a French multinational company founded in 1980 as the world's first commercial launch service provider.
Ariel_Sharon	Ariel Sharon  was an Israeli general and politician who served as the 11th Prime Minister of Israel from March 2001 until April 2006.
Aristide_Maillol	Aristide Joseph Bonaventure Maillol was a French sculptor, painter, and printmaker.
Arizona_Cardinals	The Arizona Cardinals are a professional American football franchise based in the Phoenix metropolitan area.
Arizona_Diamondbacks	The Arizona Diamondbacks, often shortened as the D-backs, are an American professional baseball franchise based in Phoenix, Arizona.
Arizona_State_University	Arizona State University is a public metropolitan research university on five campuses across the Phoenix, Arizona, metropolitan area, and four regional learning centers throughout Arizona.
Arnold_Schwarzenegger	Arnold Alois Schwarzenegger is an Austrian-American actor, producer, businessman, investor, author, philanthropist, activist, and former professional bodybuilder and politician.
Aron_Nimzowitsch	Aron Nimzowitsch was a Russian-born, Danish leading chess master and a very influential chess writer.
Arteriovenous_malformation	Arteriovenous malformation is an abnormal connection between arteries and veins, bypassing the capillary system.
Arthritis	Arthritis is a term often used to mean any disorder that affects joints.
Arthur_Eddington	Sir Arthur Stanley Eddington was an English astronomer, physicist, and mathematician of the early 20th century who did his greatest work in astrophysics.
Arthur_Miller	Arthur Asher Miller was an American playwright, essayist, and figure in twentieth-century American theatre.
Arthur_Phillip	Admiral Arthur Phillip was a Royal Navy officer, the first Governor of New South Wales and led the colonisation of what is now Australia and founded the British penal colony that later became the city of Sydney, Australia.
Arthur_Schopenhauer	Arthur Schopenhauer was a German philosopher.
Asian_Development_Bank	The Asian Development Bank is a regional development bank established on 19 December 1966, which is headquartered in the Ortigas Center located in Mandaluyong, Metro Manila, Philippines.
Assembly_language	An assembly language, often abbreviated asm, is a low-level programming language for a computer, or other programmable device, in which there is a very strong correspondence between the language and the architecture's machine code instructions.
Assistive_technology	Assistive technology is an umbrella term that includes assistive, adaptive, and rehabilitative devices for people with disabilities and also includes the process used in selecting, locating, and using them.
Aston_Martin	Aston Martin Lagonda Limited is a British manufacturer of luxury sports cars and grand tourers.
Atlanta_Braves	The Atlanta Braves are an American professional baseball franchise based in the Atlanta metropolitan area.
Atlanta_Falcons	The Atlanta Falcons are a professional American football team based in Atlanta, Georgia.
Audi	Audi is a German automobile manufacturer that designs, engineers, produces, markets and distributes luxury vehicles.
August_Derleth	August William Derleth was an American writer and anthologist.
Auguste_Rodin	François Auguste René Rodin, known as Auguste Rodin, was a French sculptor.
Aung_San_Suu_Kyi	Aung San Suu Kyi is a Burmese politician, diplomat, and author who is the First and incumbent State Counsellor and Leader of the National League for Democracy.
Auschwitz_concentration_camp	Auschwitz concentration camp was a network of German Nazi concentration camps and extermination camps built and operated by the Third Reich in Polish areas annexed by Nazi Germany during World War II.
Australian_Army	The Australian Army is Australia's military land force.
Australian_Broadcasting_Corporation	The Australian Broadcasting Corporation is Australia's state-owned and funded national public broadcaster.
Australian_Capital_Territory	The Australian Capital Territory is the federal district in the south east of Australia, enclaved within New South Wales.
Australian_Labor_Party	The Australian Labor Party is a political party in Australia.
Auto_racing	Auto racing is a sport involving the racing of automobiles for competition.
AutoCAD	AutoCAD is a commercial computer-aided design and drafting software application.
AWK	AWK is a programming language designed for text processing and typically used as a data extraction and reporting tool.
Azad_Kashmir	Azad Jammu and Kashmir, abbreviated as AJK and commonly known as Azad Kashmir, is a self-governing administrative division of Pakistan.
Bacardi	Bacardi Limited is the largest privately held, family-owned spirits company in the world.
Bacterial_vaginosis	Bacterial vaginosis is a disease of the vagina caused by excessive growth of bacteria.
Bakassi	Bakassi is a peninsula on the Gulf of Guinea.
Bal_Thackeray	Bal Keshav Thackeray was an Indian politician who founded the Shiv Sena, a Hindu right-wing Marathi ethnocentric party active mainly in the western state of Maharashtra.
Balmoral_Castle	Balmoral Castle is a large estate house in Royal Deeside, Aberdeenshire, Scotland, near the village of Crathie, west of Ballater and east of Braemar.
Baltic_Sea	The Baltic Sea is a sea of the Atlantic Ocean, enclosed by Scandinavia, Finland, the Baltic countries, and the North European Plain.
Baltimore_Ravens	The Baltimore Ravens are a professional American football team based in Baltimore, Maryland.
Banda_Islands	The Banda Islands are a volcanic group of ten small volcanic islands in the Banda Sea, about 140 km south of Seram Island and about 2000 km east of Java, and are part of the Indonesian province of Maluku.
Barbara_Olson	Barbara Kay Olson was an American lawyer and conservative television commentator who worked for CNN, Fox News Channel, and several other outlets.
Barcelonnette	Barcelonnette is a commune of France and a subprefecture in the department of Alpes-de-Haute-Provence, in the Provence-Alpes-Côte d'Azur region.
Barnard_College	Barnard College is a private women's liberal arts college in New York City.
Barry_Bonds	Barry Lamar Bonds is an American former professional baseball left fielder who played 22 seasons in Major League Baseball with the Pittsburgh Pirates and San Francisco Giants.
Barry_Goldwater	Barry Morris Goldwater was an American politician and businessman who was a five-term United States Senator from Arizona and the Republican Party's nominee for President of the United States in the 1964 election.
Barry_Lyndon	Barry Lyndon is a 1975 British-American period drama film written, produced, and directed by Stanley Kubrick, based on the 1844 novel The Luck of Barry Lyndon by William Makepeace Thackeray.
Baruch_Spinoza	Baruch Spinoza was a Dutch philosopher of Sephardi/Portuguese origin.
Basel	Basel is a city in northwestern Switzerland on the river Rhine.
BASIC	BASIC is a family of general-purpose, high-level programming languages whose design philosophy emphasizes ease of use.
Bassas_da_India	Bassas da India is an uninhabited, roughly circular French atoll that is part of the French Southern and Antarctic Lands.
Battery_Park_City	Battery Park City is a mainly residential 92 acre planned community at the southwestern tip of the island of Manhattan in New York City, New York, United States, more than of which is parkland.
Bayezid_II	Bayezid II or Sultân Bayezid-î Velî was the eldest son and successor of Mehmed II, ruling as Sultan of the Ottoman Empire from 1481 to 1512.
BBC_Radio_1	BBC Radio 1 is a British radio station operated by the British Broadcasting Corporation which also broadcasts internationally, specialising in modern and current popular music and chart hits throughout the day.
BCPL	BCPL is a procedural, imperative, and structured computer programming language designed by Martin Richards of the University of Cambridge in 1966.
BDSM	BDSM is a variety of often erotic practices or roleplaying involving bondage, discipline, dominance and submission, sadomasochism, and other related interpersonal dynamics.
BearShare	BearShare was a peer-to-peer file sharing application originally created by Free Peers, Inc. for Microsoft Windows and also a rebranded version of iMesh by MusicLab, LLC, tightly integrated with their music subscription service.
Beatrix_Potter	Helen Beatrix Potter was an English writer, illustrator, natural scientist, and conservationist best known for her children's books featuring animals, such as those in The Tale of Peter Rabbit. Born into a privileged household, Potter was educated by governesses and grew up isolated from other children.
Bede	Bede, also referred to as Saint Bede or the Venerable Bede, was an English monk at the monastery of Saint Peter and its companion monastery, Saint Paul's, now Monkwearmouth–Jarrow Abbey, then in the Kingdom of Northumbria of the Angles.
Beechcraft	Beechcraft Corporation is an American manufacturer of general aviation and military aircraft, ranging from light single-engined aircraft to twin-engined turboprop transports, and military trainers.
Bela_Lugosi	Béla Ferenc Dezső Blaskó, better known as Bela Lugosi, was a Hungarian-American actor, famous for portraying Count Dracula in the 1931 film and for his roles in various other horror films.
Belize	Belize, formerly British Honduras, is a country on the eastern coast of Central America.
Bell_Labs	Nokia Bell Labs is an American research and scientific development company, owned by Finnish company Nokia.
Benelux	The Benelux Union is a politico-economic union of three neighbouring states in western Europe: Belgium, the Netherlands, and Luxembourg.
Benin	Benin, officially the Republic of Benin and formerly Dahomey, is a country in West Africa.
Benjamin_Disraeli	Benjamin Disraeli, 1st Earl of Beaconsfield, was a British politician and writer who twice served as Prime Minister of the United Kingdom.
Benny_Andersson	Göran Bror Benny Andersson is a Swedish musician, composer, member of the Swedish music group ABBA, and co-composer of the musicals Chess, Kristina från Duvemåla, and Mamma Mia!. For the 2008 film version of Mamma Mia!, he worked also as an executive producer.
Benoit_Mandelbrot	Benoit B.  Mandelbrot  was a Polish-born, French and American mathematician with broad interests in the practical sciences, especially regarding what he labeled as "the art of roughness" of physical phenomena and "the uncontrolled element in life."
BeOS	BeOS is an operating system for personal computers first developed by Be Inc. in 1991.
Berkeley_DB	Berkeley DB is a software library intended to provide a high-performance embedded database for key/value data.
Berlin_Wall	The Berlin Wall was a barrier that divided Berlin from 1961 to 1989.
Bermuda	Bermuda is a British Overseas Territory, member of the Caribbean Community, situated in the North Atlantic Ocean, off the east shore of North America about 1070 km east-southeast of Cape Hatteras, North Carolina, 1236 km south of Cape Sable Island, Nova Scotia, and 1578 km north of San Juan, Puerto Rico and lies 1544 km north of Road Town, British Virgin Islands.
Bernardino_Ochino	Bernardino Ochino was an Italian, who was raised a Roman Catholic and later turned to Protestantism.
Berthe_Morisot	Berthe Marie Pauline Morisot was a painter and a member of the circle of painters in Paris who became known as the Impressionists.
Bertrand_Russell	Bertrand Arthur William Russell, 3rd Earl Russell, was a British philosopher, logician, mathematician, historian, writer, social critic, political activist and Nobel laureate.
Bicycle	A bicycle, often called a bike or cycle, is a human-powered, pedal-driven, single-track vehicle, having two wheels attached to a frame, one behind the other.
Big_Audio_Dynamite	Big Audio Dynamite is a British musical group formed in 1984 by the ex-guitarist and singer of The Clash, Mick Jones.
Bill_Bixby	Wilfred Bailey Everett "Bill" Bixby III was an American film and television actor, director, and frequent game-show panelist.
Bill_Clinton	William Jefferson "Bill" Clinton is an American politician who served as the 42nd President of the United States from 1993 to 2001.
Bill_Haley	William John Clifton "Bill" Haley was an American rock and roll musician.
Bill_Joy	William Nelson "Bill" Joy is an American computer scientist.
Bill_Watterson	William Boyd "Bill" Watterson II is an American cartoonist and the author of the comic strip Calvin and Hobbes, which was syndicated from 1985 to 1995.
Bille_August	Bille August is a Danish Academy Award-winning film and television director.
Billy_Bob_Thornton	Billy Bob Thornton is an American actor, filmmaker, singer, songwriter, and musician.
Billy_Crystal	William Edward "Billy" Crystal is an American actor, writer, producer, director, comedian and television host.
Bing_Crosby	Harry Lillis "Bing" Crosby, Jr. was an American singer and actor.
Bipolar_disorder	Bipolar disorder, also known as manic depression, is a mental disorder with periods of depression and periods of elevated mood.
Bishkek	Bishkek, formerly Pishpek and Frunze, is the capital and largest city of the Kyrgyz Republic.
Bitola	Bitola is a city in the southwestern part of the Republic of Macedonia.
Bjarne_Stroustrup	Bjarne Stroustrup is a Danish computer scientist, most notable for the creation and development of the widely used C++ programming language.
Blaise_Pascal	 Blaise Pascal was a French mathematician, physicist, inventor, writer and Christian philosopher.
Blazing_Saddles	Blazing Saddles is a 1974 American satirical Western comedy film directed by Mel Brooks.
Bletchley_Park	Bletchley Park was the central site for British codebreakers during World War II.
Blind_Blake	Arthur "Blind" Blake was an American blues and ragtime singer and guitarist.
Blind_Lemon_Jefferson	Blind Lemon Jefferson was an American blues and gospel singer, guitarist, and songwriter from Texas.
Blizzard_Entertainment	Blizzard Entertainment, Inc. is an American video game developer and publisher based in Irvine, California, and is currently a subsidiary of American company Activision Blizzard.
Bluetongue_disease	Bluetongue disease is a non-contagious, insect-borne, viral disease of ruminants, mainly sheep and less frequently cattle, goats, buffalo, deer, dromedaries, and antelope.
Bluetooth_Special_Interest_Group	The Bluetooth Special Interest Group is the body that oversees the development of Bluetooth standards and the licensing of the Bluetooth technologies and trademarks to manufacturers.
Blythe_Danner	Blythe Katherine Danner is an American actress of film, television and stage.
BMW	Bayerische Motoren Werke AG, usually known under its abbreviation BMW, is a German luxury vehicle, motorcycle, and engine manufacturing company founded in 1916. Headquartered in Munich, Bavaria, Germany.
Bob_Costas	Robert Quinlan "Bob" Costas is an American sportscaster, on the air for NBC Sports television since the early 1980s.
Bob_Hawke	Robert James Lee "Bob" Hawke is an Australian politician who was the Prime Minister of Australia and the Leader of the Labor Party from 1983 to 1991.
Bob_Wills	James Robert "Bob" Wills was an American Western swing musician, songwriter, and bandleader.
Bobby_Charlton	Sir Robert "Bobby" Charlton CBE is an English former football player, regarded as one of the greatest midfielders of all time, and an essential member of the England team who won the World Cup in 1966, the year he also won the Ballon d'Or.
Bodhidharma	Bodhidharma  was a Buddhist monk who lived during the 5th or 6th century.
Bogie	A bogie is a chassis or framework carrying wheels, attached to a vehicle, thus serving as a modular subassembly of wheels and axles.
Bohdan_Khmelnytsky	Zynoviy Bohdan Khmelnytsky, was the Hetman of the Zaporozhian Host of the Crown of the Kingdom of Poland in the Polish–Lithuanian Commonwealth. He led an uprising against the Commonwealth and its magnates which resulted in the creation of a state led by the Cossacks of Ukraine.
Bollywood	Bollywood is the sobriquet for the Hindi language film industry based in Mumbai, India.
Bolsheviks	The Bolsheviks, originally also Bolshevists or Bolsheviki were a faction of the Marxist Russian Social Democratic Labour Party which split apart from the Menshevik faction at the Second Party Congress in 1903.
Bonn	The Federal City of Bonn is a city on the banks of the Rhine in the German state of North Rhine-Westphalia, with a population of 311,287.
Boogie_Down_Productions	Boogie Down Productions was a hip hop group, originally composed of Josh Bell, Ethan Osman, KRS-One, D-Nice, and DJ Scott La Rock.
Boris_Pasternak	Boris Leonidovich Pasternak was a Soviet Russian poet, novelist, and literary translator.
Borland	Borland Software Corporation is a software company that facilitates software deployment projects.
Borneo	Borneo is the third-largest island in the world and the largest island in Asia.
Bornholm	Bornholm is a Danish island in the Baltic Sea, to the east of the rest of Denmark, south of Sweden, northeast of Germany and north of the westernmost part of Poland.
Bosphorus	The Bosphorus or Bosporus is a narrow, natural strait and internationally significant waterway located in northwestern Turkey.
Boston_Corbett	Thomas P. "Boston" Corbett was a Union Army soldier who shot and killed President Abraham Lincoln's assassin, John Wilkes Booth.
Boston_Red_Sox	The Boston Red Sox are an American professional baseball team based in Boston, Massachusetts.
Botswana	Botswana, officially the Republic of Botswana, is a landlocked country located in Southern Africa.
Boudica	Boudica was a queen of the British Celtic Iceni tribe who led an uprising against the occupying forces of the Roman Empire.
Bovril	Bovril is the trademarked name of a thick, salty meat extract, developed in the 1870s by John Lawson Johnston.
Brabham	Motor Racing Developments Ltd., commonly known as Brabham, was a British racing car manufacturer and Formula One racing team.
Brainfuck	Brainfuck is an esoteric programming language created in 1993 by Urban Müller, and notable for its extreme minimalism.
Bram_Stoker	Abraham "Bram" Stoker was an Irish author, best known today for his 1897 Gothic novel Dracula. During his lifetime, he was better known as the personal assistant of actor Henry Irving and business manager of the Lyceum Theatre in London, which Irving owned.
Brian_Aldiss	Brian Wilson Aldiss, OBE is an English writer and anthologies editor, best known for science fiction novels and short stories.
Brian_Boitano	Brian Anthony Boitano is an American figure skater from Sunnyvale, California.
Brian_De_Palma	Brian Russell De Palma is an American film director and screenwriter.
Brian_Kernighan	Brian Wilson Kernighan is a Canadian computer scientist who worked at Bell Labs alongside Unix creators Ken Thompson and Dennis Ritchie and contributed to the development of Unix.
Brian_Lara	Brian Charles Lara, TC, OCC, AM is a former Trinidadian international cricket player.
Brigitte_Bardot	Brigitte Anne-Marie Bardot is a French actress, singer and fashion model, who later became an animal rights activist.
Brion_Gysin	Brion Gysin was a painter, writer, sound poet, and performance artist born in Taplow, Buckinghamshire.
Brisbane_Broncos	The Brisbane Broncos are an Australian professional rugby league football club based in the city of Brisbane, the capital of the state of Queensland.
Brisbane_Lions	The Brisbane Lions are an Australian rules football club which plays in the Australian Football League. The club is based in Brisbane, Queensland, Australia.
British_Airways	British Airways, often shortened to BA, is the flag carrier and the largest airline in the United Kingdom based on fleet size.
British_Army	The British Army is the principal land warfare force of the United Kingdom.
British_Columbia	British Columbia is the westernmost province of Canada, with a population of more than 4 million people located between the Pacific Ocean and the Rocky Mountains.
British_Empire	The British Empire comprised the dominions, colonies, protectorates, mandates and other territories ruled or administered by the United Kingdom and its predecessor states.
British_Isles	The British Isles are a group of islands off the north-western coast of continental Europe that consist of the islands of Great Britain, Ireland and over six thousand smaller isles.
British_Museum	The British Museum is dedicated to Human history, art and culture, and is located in the Bloomsbury area of London.
British_Rail	British Railways, which from 1965 traded as British Rail, was the operator of most of the rail transport in Great Britain between 1948 and 1997.
British_Virgin_Islands	The British Virgin Islands, officially the Virgin Islands, is a British overseas territory located in the Caribbean to the east of Puerto Rico.
Britney_Spears	Britney Jean Spears is an American singer, dancer and actress.
Bronski_Beat	Bronski Beat were a popular British synthpop trio who achieved success in the mid-1980s, particularly with the 1984 chart hit "Smalltown Boy".
Bronze_Star_Medal	The Bronze Star Medal, unofficially the Bronze Star, is a United States decoration awarded to members of the United States Armed Forces for either heroic achievement, heroic service, meritorious achievement, or meritorious service in a combat zone.
Brown_University	Brown University is a private Ivy League research university in Providence, Rhode Island, United States, founded in 1764 as "The College in the English Colony of Rhode Island and Providence Plantations."
Brownie_McGhee	Walter Brown "Brownie" McGhee was an African-American folk music and Piedmont blues singer and guitarist, best known for his collaboration with the harmonica player Sonny Terry.
Bruce_Perens	Bruce Perens is an American computer programmer and advocate in the free software movement.
Brunei	Brunei, officially the Nation of Brunei, the Abode of Peace, is a sovereign state located on the north coast of the island of Borneo in Southeast Asia.
BT_Group	BT Group plc is a holding company which owns British Telecommunications plc, a British multinational telecommunications services company with head offices in London, United Kingdom.
Buckingham_Palace	Buckingham Palace is the London residence and administrative headquarters of the reigning monarch of the United Kingdom.
Buckminster_Fuller	Richard Buckminster "Bucky" Fuller was an American architect, systems theorist, author, designer, and inventor.
Bugzilla	Bugzilla is a web-based general-purpose bugtracker and testing tool originally developed and used by the Mozilla project, and licensed under the Mozilla Public License.
Building_society	A building society is a financial institution owned by its members as a mutual organization.
Burgess_Shale	The Burgess Shale Formation is a fossil-bearing deposit exposed in the Canadian Rockies of British Columbia, Canada.
Burhanuddin_Rabbani	Burhanuddin Rabbani was President of the Islamic State of Afghanistan from 1992 to 1996.
Burkina_Faso	Burkina Faso is a landlocked country in West Africa around 274200 km2 in size.
Burroughs_Corporation	The Burroughs Corporation was a major American manufacturer of business equipment.
Burt_Lancaster	Burton Stephen "Burt" Lancaster was an American film actor.
Calista_Flockhart	Calista Kay Flockhart is an American actress, widely known for her roles on television in Ally McBeal, Brothers & Sisters and Supergirl. She has been featured in a number of films including The Birdcage and A Midsummer Night's Dream. Flockhart is a Golden Globe Award and Screen Actors Guild Award winner and has received three Emmy Award nominations.
Calvin_Coolidge	John Calvin Coolidge Jr. was the 30th President of the United States. A Republican lawyer from Vermont, Coolidge worked his way up the ladder of Massachusetts state politics, eventually becoming governor of that state.
Cameroon	Cameroon, officially the Republic of Cameroon, is a country in Central Africa . It is bordered by Nigeria to the west; Chad to the northeast; the Central African Republic to the east; and Equatorial Guinea, Gabon, and the Republic of the Congo to the south.
Camille_Pissarro	Camille Pissarro was a Danish-French Impressionist and Neo-Impressionist painter born on the island of St Thomas. His importance resides in his contributions to both Impressionism and Post-Impressionism.
Camp_David	Camp David is the country retreat of the President of the United States.
Canadian_Pacific_Railway	The Canadian Pacific Railway, formerly also known as CP Rail between 1968 and 1996, is a historic Canadian Class I railroad incorporated in 1881.
Canadian_Shield	The Canadian Shield, also called the Laurentian Plateau, or ', is a large area of exposed Precambrian igneous and high-grade metamorphic rocks that forms the ancient geological core of the North American continent. Composed of igneous rock resulting from its long volcanic history, the area is covered by a thin layer of soil.
Canary_Islands	The Canary Islands, also known as the Canaries, are an archipelago and autonomous community of Spain located just off the southern coast of Morocco, 100 km west of its southern border.
Candidiasis	Candidiasis is a fungal infection due to any type of Candida. When it affects the mouth, it is commonly called thrush. Signs and symptoms include white patches on the tongue or other areas of the mouth and throat.
Capcom	, or Capcom, is a Japanese developer and publisher of video games, known for creating multi-million-selling franchises such as Mega Man, Street Fighter, Resident Evil, Devil May Cry, Ace Attorney, and Monster Hunter, as well as games based on the Disney animated properties.
Cape_Breton_Island	Cape Breton Island is an island on the Atlantic coast of North America.
Cape_Town	Cape Town is a coastal city in South Africa.
Carbide	In chemistry, a carbide is a compound composed of carbon and a less electronegative element.
Carbonate	In chemistry, a carbonate is a salt of carbonic acid, characterized by the presence of the carbonate ion,. The name may also mean an ester of carbonic acid, an organic compound containing the carbonate group C2. The term is also used as a verb, to describe carbonation: the process of raising the concentrations of carbonate and bicarbonate ions in water to produce carbonated water and other carbonated beverageseither by the addition of carbon dioxide gas under pressure, or by dissolving carbonate or bicarbonate salts into the water.
Caribbean_Sea	The Caribbean Sea is a sea of the Atlantic Ocean in the tropics of the Western Hemisphere.
Carl_Barks	Carl Barks was an American cartoonist, author, and painter.
Carl_Friedrich_Gauss	Johann Carl Friedrich Gauss was a German mathematician who contributed significantly to many fields, including number theory, algebra, statistics, analysis, differential geometry, geodesy, geophysics, mechanics, electrostatics, astronomy, matrix theory, and optics.
Carl_Linnaeus	Carl Linnaeus, also known after his ennoblement as Carl von Linné, was a Swedish botanist, physician, and zoologist, who formalised the modern system of naming organisms called binomial nomenclature.
Carl_Menger	Carl Menger was an Austrian economist and the founder of the Austrian School of economics.
Carl_Sagan	Carl Edward Sagan was an American astronomer, cosmologist, astrophysicist, astrobiologist, author, science popularizer, and science communicator in astronomy and other natural sciences.
Carl_von_Clausewitz	Carl Philipp Gottfried von Clausewitz was a Prussian general and military theorist who stressed the "moral" and political aspects of war.
Carlo_Collodi	Carlo Lorenzini, better known by the pen name Carlo Collodi, was a children's writer born in the Grand Duchy of Tuscany and writer of the world-renowned fairy tale novel The Adventures of Pinocchio.
Carlo_Goldoni	Carlo Osvaldo Goldoni was an Italian playwright and librettist from the Republic of Venice.
Carol_Kane	Carolyn Laurie "Carol" Kane is an American stage, screen and television actress.
Carolina_Panthers	The Carolina Panthers are a professional American football team based in Charlotte, North Carolina.
Cary_Elwes	Ivan Simon Cary Elwes, known professionally as Cary Elwes, is an English actor, screenwriter and author known for his roles in The Princess Bride, Glory, Robin Hood: Men in Tights, Days of Thunder, Bram Stoker's Dracula, Hot Shots!, Twister, The Jungle Book, Liar, Liar and as Dr. Lawrence Gordon in Saw. He has also had recurring roles in television series such as The X-Files and Psych. He currently stars in the Crackle series, The Art of More.
Caspar_David_Friedrich	Caspar David Friedrich was a 19th-century German Romantic landscape painter, generally considered the most important German artist of his generation.
Catalonia	Catalonia is an autonomous community of Spain, located on the northeastern extremity of the Iberian Peninsula.
Catullus	Not to be confused with Romans named "Catulus", see Catulus.
Cayman_Islands	The Cayman Islands is a British Overseas Territory in the western Caribbean Sea.
Cecilia_Beaux	Cecilia Beaux was an American society portraitist, in the manner of John Singer Sargent.
Celestines	Celestines were a Roman Catholic monastic order, a branch of the Benedictines, founded in 1244.
Central_African_Republic	The Central African Republic is a landlocked country in Central Africa.
Central_Asia	Central Asia or Middle Asia is the core region of the Asian continent and stretches from the Caspian Sea in the west to China in the east and from Afghanistan in the south to Russia in the north.
Central_Europe	Central Europe lies between Eastern and Western Europe.
Central_Pacific_Railroad	The Central Pacific Railroad is the former name of the railroad network built between California and Utah, US, that built eastwards from the West Coast in the 1860s, to complete the western part of the "First Transcontinental Railroad" in North America.
Central_pontine_myelinolysis	Central pontine myelinolysis, also known as osmotic demyelination syndrome or central pontine demyelination, is a neurological disease caused by severe damage of the myelin sheath of nerve cells in the brainstem, more precisely in the area termed the pons, predominately of iatrogenic etiology.
Central_Powers	The Central Powers, consisting of Germany,, the Ottoman Empire and Bulgaria – hence also known as the Quadruple Alliance – was one of the two main factions during World War I. It faced and was defeated by the Allied Powers that had formed around the Triple Entente, after which it was dissolved.
Cesare_Borgia	Cesare Borgia, Duke of Valentinois, was an Italian condottiero, nobleman, politician, and cardinal, whose fight for power was a major inspiration for The Prince by Machiavelli.
Cessna	The Cessna Aircraft Company is an American general aviation aircraft manufacturing corporation headquartered in Wichita, Kansas.
Chagas_disease	Chagas disease, also known as American trypanosomiasis, is a tropical parasitic disease caused by the protozoan Trypanosoma cruzi. It is spread mostly by insects known as Triatominae or kissing bugs.
Chaldea	Chaldea or Chaldaea was a Semitic nation between the late 10th and mid-6th centuries BC, after which its peoples were absorbed into Babylonia.
Challenger_Deep	The Challenger Deep is the deepest known point in the Earth's seabed hydrosphere, with a depth of 10898 to by direct measurement from submersibles, and slightly more by sonar bathymetry.
Channel_Islands	The Channel Islands are an archipelago in the English Channel, off the French coast of Normandy.
Channel_Tunnel	The Channel Tunnel  is a rail tunnel linking Folkestone, Kent, in the United Kingdom, with Coquelles, Pas-de-Calais, near Calais in northern France, beneath the English Channel at the Strait of Dover.
Chaos_Computer_Club	The Chaos Computer Club is Europe's largest association of hackers.
Chaosium	Chaosium Inc. is one of the oldest publishers of role-playing games still in existence.
Charles_Babbage	Charles Babbage was an English polymath.
Charles_Baudelaire	Charles Pierre Baudelaire was a French poet who also produced notable work as an essayist, art critic, and pioneering translator of Edgar Allan Poe.
Charles_Dickens	Charles John Huffam Dickens was an English writer and social critic.
Charles_Evans_Hughes	Charles Evans Hughes, Sr. was an American statesman, lawyer, and Republican politician from New York.
Charles_Lyell	Sir Charles Lyell, 1st Baronet, was a British lawyer and the foremost geologist of his day.
Charles_Messier	Charles Messier was a French astronomer most notable for publishing an astronomical catalogue consisting of nebulae and star clusters that came to be known as the 110 "Messier objects".
Charles_Mingus	Charles Mingus Jr. was an American jazz double bassist, composer and bandleader.
Charles_Proteus_Steinmetz	Charles Proteus Steinmetz was a Prussian-born American mathematician and electrical engineer and professor at Union College.
Charles_Sanders_Peirce	Charles Sanders Peirce was an American philosopher, logician, mathematician, and scientist who is sometimes known as "the father of pragmatism."
Charles_Tupper	Sir Charles Tupper, 1st Baronet, was a Canadian father of Confederation: as the Premier of Nova Scotia from 1864 to 1867, he led Nova Scotia into Confederation.
Charlize_Theron	Charlize Theron is a South African and American actress and film producer.
Chechnya	The Chechen Republic, commonly referred to as Chechnya, also spelled Chechnia or Chechenia, sometimes referred to as Ichkeria, is a federal subject of Russia.
Chet_Atkins	Chester Burton "Chet" Atkins was an American musician, occasional vocalist, songwriter, and record producer, who along with Owen Bradley and Bob Ferguson, among others, created the country music style that came to be known as the Nashville sound, which expanded country music's appeal to adult pop music fans.
Chiapas	Chiapas, officially the Free and Sovereign State of Chiapas, is one of the 31 states that, with the Federal District, make up the 32 federal entities of Mexico.
Chicago_Bears	The Chicago Bears are a professional American football team based in Chicago, Illinois.
Chicago_Cubs	The Chicago Cubs are an American professional baseball team based in Chicago, Illinois.
Chicago_White_Sox	The Chicago White Sox are an American professional baseball team based in Chicago, Illinois.
Chile	Chile, officially the Republic of Chile, is a South American country occupying a long, narrow strip of land between the Andes to the east and the Pacific Ocean to the west.
Chives	Chives is the common name of Allium schoenoprasum, an edible species of the Allium genus.
Chlamydia_infection	Chlamydia infection, often simply known as Chlamydia, is a sexually transmitted infection caused by the bacterium Chlamydia trachomatis. Most people who are infected have no symptoms.
Chris_Cunningham	Chris Cunningham is a British video artist.
Chris_Marker	Chris Marker was a French writer, photographer, documentary film director, multimedia artist and film essayist.
Chris_Sarandon	Christopher "Chris" Sarandon, Jr. is an American actor who is known best for playing Prince Humperdinck in the movie The Princess Bride, the vampire Jerry Dandrige in Fright Night and Detective Mike Norris in the first entry of the Child's Play series, and for providing the voice of Jack Skellington in The Nightmare Before Christmas. He was nominated for an Academy Award for Best Supporting Actor for his performance as Leon Shermer in Dog Day Afternoon.
Christiaan_Barnard	Christiaan Neethling Barnard was a South African cardiac surgeon who performed the world's first successful human-to-human heart transplant.
Christian_Doppler	Christian Andreas Doppler was an Austrian mathematician and physicist.
Christianity	Christianity is a monotheistic religion based on the life and teachings of Jesus Christ, who serves as the focal point for the religion.
Christine_de_Pizan	Christine de Pizan was an Italian French late medieval author.
Christopher_Alexander	Christopher Wolfgang Alexander is a widely influential architect and design theorist, and currently emeritus professor at the University of California, Berkeley.
Christopher_Guest	Christopher Haden-Guest, 5th Baron Haden-Guest, better known as Christopher Guest, is an English-American screenwriter, composer, musician, director, actor, and comedian who holds dual British and American citizenship.
Christopher_Marlowe	Christopher Marlowe, also known as Kit Marlowe, was an English playwright, poet and translator of the Elizabethan era.
Chrysler	FCA US LLC, also known as Fiat Chrysler or simply Chrysler, is the American subsidiary of Fiat Chrysler Automobiles N.V., an Italian controlled automobile manufacturer registered in the Netherlands with headquarters in London, U.K., for tax purposes.
Chrysler_Building	The Chrysler Building is an Art Deco-style skyscraper located on the East Side of Midtown Manhattan in New York City, at the intersection of 42nd Street and Lexington Avenue in the Turtle Bay neighborhood.
Chuck_D	Carlton Douglas Ridenhour, known professionally as Chuck D, is an American rapper, author, and producer.
Chuck_Jones	Charles Martin "Chuck" Jones was an American animator, filmmaker, cartoonist, author, artist, and screenwriter, best known for his work with Warner Bros. Cartoons on the Looney Tunes and Merrie Melodies shorts.
Chuck_Yeager	Charles Elwood "Chuck" Yeager is a former United States Air Force officer and record-setting test pilot.
Cimabue	Cimabue, also known as Cenni di Pepo or Cenni di Pepi, was a Florentine painter and designer of mosaics.
Circuit_Park_Zandvoort	Circuit Park Zandvoort is a motorsport race track located in the dunes north of Zandvoort, Netherlands, near the North Sea coast line.
Citizen_Kane	Citizen Kane is a 1941 American mystery drama film by Orson Welles, its producer, co-author, director and star.
Civilian_Conservation_Corps	The Civilian Conservation Corps was a public work relief program that operated from 1933 to 1942 in the United States for unemployed, unmarried men from relief families as part of the New Deal.
Clarence_Brown	Clarence Leon Brown was an American film director.
Clark_Ashton_Smith	Clark Ashton Smith was a self-educated American poet, sculptor, painter and author of fantasy, horror and science fiction short stories.
Claude_Debussy	Achille-Claude Debussy, known since the 1890s as Claude-Achille Debussy or Claude Debussy, was a French composer.
Claude_Louis_Berthollet	Claude Louis Berthollet was a Savoyard-French chemist who became vice president of the French Senate in 1804.
Claude_Monet	Oscar-Claude Monet was a founder of French Impressionist painting, and the most consistent and prolific practitioner of the movement's philosophy of expressing one's perceptions before nature, especially as applied to plein-air landscape painting.
Claude_Shannon	Claude Elwood Shannon was an American mathematician, electrical engineer, and cryptographer known as "the father of information theory".
Claudio_Monteverdi	Claudio Giovanni Antonio Monteverdi was an Italian composer, gambist, singer, and Catholic priest.
Claudius	Claudius was Roman emperor from 41 to 54.
Claudius_Aelianus	Claudius Aelianus, often seen as just Aelian, born at Praeneste, was a Roman author and teacher of rhetoric who flourished under Septimius Severus and probably outlived Elagabalus, who died in 222.
Claus_Sluter	Claus Sluter was a sculptor of Dutch origin.
Clement_Attlee	Clement Richard Attlee, 1st Earl Attlee, was a British politician who was the Prime Minister of the United Kingdom from 1945 to 1951 and the Leader of the Labour Party from 1935 to 1955.
Climate	Climate is the statistics of weather, usually over a 30-year interval.
Clipperton_Island	Clipperton Island is an uninhabited 6 km2 coral atoll in the eastern Pacific Ocean off the coast of Central America.
CLU_(programming_language)	CLU is a pioneering programming language created at the Massachusetts Institute of Technology by Barbara Liskov and her students between 1974 and 1975.
Cluny	Cluny or Clugny is a commune in the Saône-et-Loire department of the region of Bourgogne-Franche-Comté, in eastern France.
Clyde_Tombaugh	Clyde William Tombaugh was an American astronomer.
COBOL	COBOL is a compiled English-like computer programming language designed for business use.
Coleco	Coleco Inc. is an American company founded in 1932 by Maurice Greenberg as "Connecticut Leather Company". It became a highly successful toy company in the 1980s, known for its mass-produced version of Cabbage Patch Kids dolls and its video game consoles, the Coleco Telstar dedicated consoles and ColecoVision.
Colin_Maclaurin	Colin Maclaurin was a Scottish mathematician who made important contributions to geometry and algebra.
College_football	College football is American football played by teams of student athletes fielded by American universities, colleges, and military academies, or Canadian football played by teams of student athletes fielded by Canadian universities.
Color_blindness	Color blindness, also known as color vision deficiency, is the decreased ability to see color or differences in color.
Colossae	Colossae was an ancient city of Phrygia in Asia Minor, and was the location of a Christian community to which the Apostle Paul addressed a canonically accepted epistle, which is known for its content's exaltation of the supremacy of Christianity's namesake.
Columbanus	Columbanus, also known as St. Columban, was an Irish missionary notable for founding a number of monasteries from around 590 in the Frankish and Lombard kingdoms, most notably Luxeuil Abbey in present-day France and Bobbio Abbey in present-day Italy.
Columbia_University	Columbia University is a private Ivy League research university in Upper Manhattan, New York City.
Commodore_International	Commodore International was a North American home computer and electronics manufacturer.
Common_Language_Infrastructure	The Common Language Infrastructure is an open specification developed by Microsoft and standardized by ISO and ECMA that describes executable code and a runtime environment that allows multiple high-level languages to be used on different computer platforms without being rewritten for specific architectures.
Common_Lisp	Common Lisp is a dialect of the Lisp programming language, published in ANSI standard document ANSI INCITS 226-1994. The Common Lisp HyperSpec, a hyperlinked HTML version, has been derived from the ANSI Common Lisp standard.
Comoros	The Comoros, officially the Union of the Comoros, is a sovereign archipelago island nation in the Indian Ocean located at the northern end of the Mozambique Channel off the eastern coast of Africa between northeastern Mozambique and northwestern Madagascar.
Compaq	Compaq was a company founded in 1982 that developed, sold, and supported computers and related products and services.
Computer_animation	Computer animation is the process used for generating animated images.
Computer_programming	Computer programming is a process that leads from an original formulation of a computing problem to executable computer programs.
Conectiva	Conectiva was a company founded on August 28, 1995, in Curitiba, Paraná, Brazil, by a group of friends, among them Arnaldo Carvalho de Melo, who was a pioneer in the distribution of Linux and open source software in Brazilian Portuguese, Spanish and English for all of Latin America.
Connecticut	Connecticut is the southernmost state in the New England region of the northeastern United States.
Constantine_II_(emperor)	Constantine II was Roman Emperor from 337 to 340.
Constantinople	Constantinople was the capital city of the Roman/Byzantine Empire, and also of the brief Latin, and the later Ottoman empires.
Constantius_II	Constantius II was Roman Emperor from 337 to 361.
Continental_Europe	Continental Europe, also referred to as mainland Europe, or, by Europeans, simply the Continent, is the continuous continent of Europe, excluding surrounding islands.
Cook_Islands	The Cook Islands is a self-governing island country in the South Pacific Ocean in free association with New Zealand.
Coprophagia	Coprophagia or coprophagy is the consumption of feces.
Coral_66	CORAL is a programming language originally developed in 1964 at the Royal Radar Establishment, Malvern, UK, as a subset of JOVIAL.
Coral_Sea_Islands	The Coral Sea Islands Territory is an external territory of Australia which comprises a group of small and mostly uninhabited tropical islands and reefs in the Coral Sea, northeast of Queensland, Australia.
Cordwainer_Smith	Cordwainer Smith was the pen-name used by American author Paul Myron Anthony Linebarger for his science fiction works.
Coronary_artery_disease	Coronary artery disease, also known as ischemic heart disease, is a group of diseases that includes: stable angina, unstable angina, myocardial infarction, and sudden cardiac death.
Costa_Smeralda	The Costa Smeralda is a coastal area and tourist destination in northern Sardinia, Italy, with a length of some 20 km, although the term originally designated only a small stretch in the commune of Arzachena.
County_Dublin	County Dublin is a former county in Ireland.
County_Fermanagh	County Fermanagh is one of the thirty-two counties of Ireland and one of the six counties of Northern Ireland.
County_Mayo	County Mayo is a county in Ireland.
County_town	A County town is usually the location of administrative or judicial functions within the county, or it has been established over time as the de facto main town of a county.
Courtney_Love	Courtney Michelle Love is an American musician, actress, and visual artist.
CPAN	The Comprehensive Perl Archive Network is a repository of over 250,000 software modules and accompanying documentation for 39,000 distributions, written in the Perl programming language by over 12,000 contributors. CPAN can denote either the archive network itself, or the Perl program that acts as an interface to the network and as an automated software installer. Most software on CPAN is free and open source software.
Craig_Charles	Craig Joseph Charles is a British actor, comedian, author, poet, television presenter and DJ. He is best known for playing Dave Lister in the science fiction sitcom Red Dwarf and Lloyd Mullaney in the soap opera Coronation Street, and as a funk and soul DJ. Charles first appeared on television as a performance poet, which led to minor presenting roles.
Craig_Venter	John Craig Venter is an American biotechnologist, biochemist, geneticist, and entrepreneur.
Craven_Cottage	Craven Cottage is a football stadium located in Fulham, London.
Crete_Senesi	The Crete Senesi refers to an area of the Italian region of Tuscany to the south of Siena.
Cretinism	Cretinism is a condition of severely stunted physical and mental growth due to untreated congenital deficiency of thyroid hormone usually due to maternal hypothyroidism.
Crystal_Eastman	Crystal Catherine Eastman was an American lawyer, antimilitarist, feminist, socialist, and journalist.
Cult_film	A cult film, also commonly referred to as a cult classic, is a film that has acquired a cult following.
Cyc	Cyc is an artificial intelligence project that attempts to assemble a comprehensive ontology and knowledge base of everyday common sense knowledge, with the goal of enabling AI applications to perform human-like reasoning.
Cyclades	The Cyclades are an island group in the Aegean Sea, southeast of mainland Greece and a former administrative prefecture of Greece.
Cygwin	Cygwin is a Unix-like environment and command-line interface for Microsoft Windows.
Dale_Earnhardt	Ralph Dale Earnhardt Sr., known professionally as Dale Earnhardt, was an American professional stock car racing driver and team owner, best known for his involvement in stock car racing for NASCAR.
Dalton_Trumbo	James Dalton Trumbo was an American screenwriter and novelist, who scripted films including Roman Holiday, Exodus, Spartacus, and Thirty Seconds Over Tokyo. One of the Hollywood Ten, he refused to testify before the House Un-American Activities Committee in 1947 during the committee's investigation of Communist influences in the motion picture industry.
David_Cronenberg	David Paul Cronenberg, is a Canadian director, producer, filmmaker, screenwriter, actor, and author.
David_Fincher	David Andrew Leo Fincher is an American director and producer, notably for films, television series, and music videos.
Dead_Kennedys	Dead Kennedys are an American punk rock band formed in San Francisco, California in 1978.
Delicate_Arch	Delicate Arch is a 65 ft freestanding natural arch located in Arches National Park near Moab, Utah, USA. It is the most widely recognized landmark in Arches National Park and is depicted on Utah license plates and on a postage stamp commemorating Utah's centennial anniversary of admission to the Union in 1996.
Digital_Equipment_Corporation	Digital Equipment Corporation, also known as DEC and using the trademark Digital, was a major American company in the computer industry from the 1950s to the 1990s.
Documentary_film	A documentary film is a nonfictional motion picture intended to document some aspect of reality, primarily for the purposes of instruction, education, or maintaining a historical record.
Dominican_Republic	The Dominican Republic is a sovereign state occupying the eastern two-thirds of the island of Hispaniola, in the Greater Antilles archipelago in the Caribbean region.
Donald_Knuth	Donald Ervin Knuth is an American computer scientist, mathematician, and professor emeritus at Stanford University.
Douglas_Adams	Douglas Noel Adams was an English author, scriptwriter, essayist, humorist, satirist and dramatist.
Douglas_Engelbart	Douglas Carl Engelbart was an American engineer and inventor, and an early computer and Internet pioneer.
Drew_Barrymore	Drew Blythe Barrymore is an American actress, author, director, model and producer.
Durrani_Empire	The Durrani Empire, Durrani Tulukamani, Durrani Wakmani, Durrani Emirate, also called the Sadozai Kingdom and the Last Afghan Empire, was founded in 1747 by Ahmad Shah Durrani with its capital at Kandahar, in present-day Afghanistan.
Family_International	The Family International is a new religious movement that started in 1968 in Huntington Beach, California, USA. It was initially called Teens for Christ and later gained fame as The Children of God. It was later renamed and reorganized as The Family of Love, which eventually was shortened to The Family. It is currently called The Family International.
Hercule_Poirot	Hercule Poirot is a fictional Belgian detective, created by Dame Agatha Christie.
Herman_Boerhaave	Herman Boerhaave was a Dutch botanist, chemist, Christian humanist and physician of European fame.
IBM_AIX	AIX is a series of proprietary Unix operating systems developed and sold by IBM for several of its computer platforms.
Latin_American_Integration_Association	The Latin American Integration Association / Asociación Latinoamericana de Integración / Associação Latino-Americana de Integração is an international and regional scope organization.
Man_Booker_Prize	The Man Booker Prize for Fiction is a literary prize awarded each year for the best original novel, written in the English language and published in the UK. The winner of the Man Booker Prize is generally assured of international renown and success; therefore, the prize is of great significance for the book trade.
Robert_Bellarmine	Saint Robert Bellarmine, S.J. was an Italian Jesuit and a Cardinal of the Catholic Church.
Running_amok	Running amok, sometimes referred to as simply amok or gone amok, also spelled amuk, from the Malay language, is "an episode of sudden mass assault against people or objects usually by a single individual following a period of brooding that has traditionally been regarded as occurring especially in Malay culture but is now increasingly viewed as psychopathological behavior".
Severus_Alexander	Severus Alexander was Roman Emperor from 222 to 235 and the last emperor of the Severan dynasty.
Southeast_Alaska	Southeast Alaska, sometimes referred to as the Alaska Panhandle, is the southeastern portion of the U.S. state of Alaska, which lies west from the northern half of the Canadian province, British Columbia.
Tramlink	Tramlink is a light rail tram system serving Croydon and surrounding areas in South London, England.
Vladimir_Harkonnen	The Baron Vladimir Harkonnen is a fictional character and antagonist from the Dune universe created by Frank Herbert.
Yangtze	The Yangtze River, known in China as the Cháng Jiāng or the Yángzǐ Jiāng, is the longest river in Asia and the third-longest in the world.